{
  "run_utc": "2026-05-28T02:59:56.376010+00:00",
  "tag": "full2004_2025_c3000_2014",
  "inputs": {
    "trace_panel": "/cache/home/nt612/Transaction-Based Issuer Yield Curve Relative Value in U.S. Corporate Bonds/artifacts/interim/4.1_trace_daily_agg_full2004_2025_c3000_2014.parquet",
    "fisd_panel": "artifacts/interim/4.0_fisd_eligible_bonds.parquet"
  },
  "trace_rows": 1193850,
  "trace_cusips": 12861,
  "fisd_rows": 269918,
  "fisd_cusips": 269917,
  "fisd_issuers": 11311,
  "curve_ready_bond_weeks": 390817,
  "curve_ready_cusips": 12588,
  "curve_ready_issuers": 2280,
  "issuer_weeks_total": 93514,
  "issuer_weeks_min_bonds": 38478,
  "min_bonds_per_issuer_week": 3,
  "fitted_curves": 38478,
  "residual_rows": 319273,
  "outputs": {
    "curve_ready_panel": "/cache/home/nt612/Transaction-Based Issuer Yield Curve Relative Value in U.S. Corporate Bonds/artifacts/processed/5.0_curve_ready_panel_full2004_2025_c3000_2014.parquet",
    "curve_residuals": "/cache/home/nt612/Transaction-Based Issuer Yield Curve Relative Value in U.S. Corporate Bonds/artifacts/processed/5.0_curve_residuals_full2004_2025_c3000_2014.parquet",
    "issuer_curve_params": "/cache/home/nt612/Transaction-Based Issuer Yield Curve Relative Value in U.S. Corporate Bonds/artifacts/processed/5.0_issuer_curve_params_full2004_2025_c3000_2014.parquet"
  },
  "residual_bps_distribution": {
    "count": 319273.0,
    "mean": 1.0784343726398606,
    "std": 50.54680719816173,
    "min": -1490.0517191318343,
    "1%": -111.13124278947774,
    "5%": -32.5918357877395,
    "50%": 0.0,
    "95%": 36.95630367627745,
    "99%": 99.63284509205882,
    "max": 4446.269084105408
  },
  "curve_rmse_bps_distribution": {
    "count": 38478.0,
    "mean": 11.358862597389809,
    "std": 29.75833164020954,
    "min": 0.0,
    "1%": 2.5301289825817617e-14,
    "5%": 5.284153935307141e-14,
    "50%": 4.725601397383106,
    "95%": 45.283584206560704,
    "99%": 120.64086159589439,
    "max": 1155.8774014159874
  }
}