{
  "run_utc": "2026-05-28T02:59:01.430409+00:00",
  "tag": "full2004_2025_c3000_2013",
  "inputs": {
    "trace_panel": "/cache/home/nt612/Transaction-Based Issuer Yield Curve Relative Value in U.S. Corporate Bonds/artifacts/interim/4.1_trace_daily_agg_full2004_2025_c3000_2013.parquet",
    "fisd_panel": "artifacts/interim/4.0_fisd_eligible_bonds.parquet"
  },
  "trace_rows": 1190945,
  "trace_cusips": 12964,
  "fisd_rows": 269918,
  "fisd_cusips": 269917,
  "fisd_issuers": 11311,
  "curve_ready_bond_weeks": 384875,
  "curve_ready_cusips": 12653,
  "curve_ready_issuers": 2300,
  "issuer_weeks_total": 93206,
  "issuer_weeks_min_bonds": 36930,
  "min_bonds_per_issuer_week": 3,
  "fitted_curves": 36930,
  "residual_rows": 311554,
  "outputs": {
    "curve_ready_panel": "/cache/home/nt612/Transaction-Based Issuer Yield Curve Relative Value in U.S. Corporate Bonds/artifacts/processed/5.0_curve_ready_panel_full2004_2025_c3000_2013.parquet",
    "curve_residuals": "/cache/home/nt612/Transaction-Based Issuer Yield Curve Relative Value in U.S. Corporate Bonds/artifacts/processed/5.0_curve_residuals_full2004_2025_c3000_2013.parquet",
    "issuer_curve_params": "/cache/home/nt612/Transaction-Based Issuer Yield Curve Relative Value in U.S. Corporate Bonds/artifacts/processed/5.0_issuer_curve_params_full2004_2025_c3000_2013.parquet"
  },
  "residual_bps_distribution": {
    "count": 311554.0,
    "mean": 1.1997337452464771,
    "std": 64.65285475281757,
    "min": -2257.7019138880783,
    "1%": -143.25414416796193,
    "5%": -43.40763893456568,
    "50%": 0.0,
    "95%": 45.98995102274543,
    "99%": 135.57891157885203,
    "max": 4317.830800495876
  },
  "curve_rmse_bps_distribution": {
    "count": 36930.0,
    "mean": 13.877323607652158,
    "std": 33.943149795416126,
    "min": 0.0,
    "1%": 2.5480302967332104e-14,
    "5%": 5.666362948369015e-14,
    "50%": 6.387884429622218,
    "95%": 49.874407123732084,
    "99%": 136.69494825436084,
    "max": 1082.9182615477914
  }
}