{
  "run_utc": "2026-05-28T02:25:32.132469+00:00",
  "tag": "full2004_2025_c3000_2007",
  "inputs": {
    "trace_panel": "/cache/home/nt612/Transaction-Based Issuer Yield Curve Relative Value in U.S. Corporate Bonds/artifacts/interim/4.1_trace_daily_agg_full2004_2025_c3000_2007.parquet",
    "fisd_panel": "artifacts/interim/4.0_fisd_eligible_bonds.parquet"
  },
  "trace_rows": 888299,
  "trace_cusips": 17589,
  "fisd_rows": 269918,
  "fisd_cusips": 269917,
  "fisd_issuers": 11311,
  "curve_ready_bond_weeks": 358950,
  "curve_ready_cusips": 17153,
  "curve_ready_issuers": 2573,
  "issuer_weeks_total": 86207,
  "issuer_weeks_min_bonds": 25539,
  "min_bonds_per_issuer_week": 3,
  "fitted_curves": 25539,
  "residual_rows": 282634,
  "outputs": {
    "curve_ready_panel": "/cache/home/nt612/Transaction-Based Issuer Yield Curve Relative Value in U.S. Corporate Bonds/artifacts/processed/5.0_curve_ready_panel_full2004_2025_c3000_2007.parquet",
    "curve_residuals": "/cache/home/nt612/Transaction-Based Issuer Yield Curve Relative Value in U.S. Corporate Bonds/artifacts/processed/5.0_curve_residuals_full2004_2025_c3000_2007.parquet",
    "issuer_curve_params": "/cache/home/nt612/Transaction-Based Issuer Yield Curve Relative Value in U.S. Corporate Bonds/artifacts/processed/5.0_issuer_curve_params_full2004_2025_c3000_2007.parquet"
  },
  "residual_bps_distribution": {
    "count": 282634.0,
    "mean": 1.5794168150918428,
    "std": 57.59378956416983,
    "min": -1755.3147027361242,
    "1%": -115.05154598905237,
    "5%": -44.06386293831166,
    "50%": 0.0,
    "95%": 52.13046823535567,
    "99%": 126.08135620250249,
    "max": 3803.576433175513
  },
  "curve_rmse_bps_distribution": {
    "count": 25539.0,
    "mean": 13.13901563407299,
    "std": 33.8680183434841,
    "min": 0.0,
    "1%": 0.0,
    "5%": 5.480588300935682e-14,
    "50%": 4.710942268417802,
    "95%": 48.27223216688719,
    "99%": 125.16516918076545,
    "max": 1172.3892839772284
  }
}