{
  "run_utc": "2026-05-28T03:17:44.726152+00:00",
  "tag": "full2004_2025_c3000_2017",
  "inputs": {
    "trace_panel": "/cache/home/nt612/Transaction-Based Issuer Yield Curve Relative Value in U.S. Corporate Bonds/artifacts/interim/4.1_trace_daily_agg_full2004_2025_c3000_2017.parquet",
    "fisd_panel": "artifacts/interim/4.0_fisd_eligible_bonds.parquet"
  },
  "trace_rows": 1404949,
  "trace_cusips": 13504,
  "fisd_rows": 269918,
  "fisd_cusips": 269917,
  "fisd_issuers": 11311,
  "curve_ready_bond_weeks": 418601,
  "curve_ready_cusips": 13211,
  "curve_ready_issuers": 2087,
  "issuer_weeks_total": 86009,
  "issuer_weeks_min_bonds": 40528,
  "min_bonds_per_issuer_week": 3,
  "fitted_curves": 40528,
  "residual_rows": 358665,
  "outputs": {
    "curve_ready_panel": "/cache/home/nt612/Transaction-Based Issuer Yield Curve Relative Value in U.S. Corporate Bonds/artifacts/processed/5.0_curve_ready_panel_full2004_2025_c3000_2017.parquet",
    "curve_residuals": "/cache/home/nt612/Transaction-Based Issuer Yield Curve Relative Value in U.S. Corporate Bonds/artifacts/processed/5.0_curve_residuals_full2004_2025_c3000_2017.parquet",
    "issuer_curve_params": "/cache/home/nt612/Transaction-Based Issuer Yield Curve Relative Value in U.S. Corporate Bonds/artifacts/processed/5.0_issuer_curve_params_full2004_2025_c3000_2017.parquet"
  },
  "residual_bps_distribution": {
    "count": 358665.0,
    "mean": 0.712090280074889,
    "std": 38.04496079329515,
    "min": -1220.396896577409,
    "1%": -79.90571680133952,
    "5%": -21.817576706973036,
    "50%": 0.0,
    "95%": 27.04707630709146,
    "99%": 78.86030521701635,
    "max": 3268.9291721370223
  },
  "curve_rmse_bps_distribution": {
    "count": 40528.0,
    "mean": 9.497756474285017,
    "std": 28.685346984114236,
    "min": 0.0,
    "1%": 2.4343293057183234e-14,
    "5%": 4.804012343843246e-14,
    "50%": 4.399846637809704,
    "95%": 29.964421723983936,
    "99%": 94.36513570508919,
    "max": 1316.1175920114658
  }
}