{
  "run_utc": "2026-05-28T03:44:28.026133+00:00",
  "tag": "full2004_2025_c3000_2023",
  "inputs": {
    "trace_panel": "/cache/home/nt612/Transaction-Based Issuer Yield Curve Relative Value in U.S. Corporate Bonds/artifacts/interim/4.1_trace_daily_agg_full2004_2025_c3000_2023.parquet",
    "fisd_panel": "artifacts/interim/4.0_fisd_eligible_bonds.parquet"
  },
  "trace_rows": 1832126,
  "trace_cusips": 15714,
  "fisd_rows": 269918,
  "fisd_cusips": 269917,
  "fisd_issuers": 11311,
  "curve_ready_bond_weeks": 492060,
  "curve_ready_cusips": 15353,
  "curve_ready_issuers": 1799,
  "issuer_weeks_total": 79908,
  "issuer_weeks_min_bonds": 42343,
  "min_bonds_per_issuer_week": 3,
  "fitted_curves": 42343,
  "residual_rows": 441962,
  "outputs": {
    "curve_ready_panel": "/cache/home/nt612/Transaction-Based Issuer Yield Curve Relative Value in U.S. Corporate Bonds/artifacts/processed/5.0_curve_ready_panel_full2004_2025_c3000_2023.parquet",
    "curve_residuals": "/cache/home/nt612/Transaction-Based Issuer Yield Curve Relative Value in U.S. Corporate Bonds/artifacts/processed/5.0_curve_residuals_full2004_2025_c3000_2023.parquet",
    "issuer_curve_params": "/cache/home/nt612/Transaction-Based Issuer Yield Curve Relative Value in U.S. Corporate Bonds/artifacts/processed/5.0_issuer_curve_params_full2004_2025_c3000_2023.parquet"
  },
  "residual_bps_distribution": {
    "count": 441962.0,
    "mean": 1.0670910822072024,
    "std": 39.3095904402564,
    "min": -1431.862178119624,
    "1%": -64.42859945722999,
    "5%": -24.422188991350016,
    "50%": 0.0,
    "95%": 28.678198060658953,
    "99%": 73.22036697987315,
    "max": 3667.2367627369304
  },
  "curve_rmse_bps_distribution": {
    "count": 42343.0,
    "mean": 9.974552910136568,
    "std": 23.30135771166243,
    "min": 0.0,
    "1%": 0.0,
    "5%": 7.144916634721923e-14,
    "50%": 6.796250489416783,
    "95%": 26.27170216117241,
    "99%": 73.74219699912405,
    "max": 1181.5243353036985
  }
}