{
  "run_utc": "2026-05-28T02:40:01.807391+00:00",
  "tag": "full2004_2025_c3000_2008",
  "inputs": {
    "trace_panel": "/cache/home/nt612/Transaction-Based Issuer Yield Curve Relative Value in U.S. Corporate Bonds/artifacts/interim/4.1_trace_daily_agg_full2004_2025_c3000_2008.parquet",
    "fisd_panel": "artifacts/interim/4.0_fisd_eligible_bonds.parquet"
  },
  "trace_rows": 849186,
  "trace_cusips": 16526,
  "fisd_rows": 269918,
  "fisd_cusips": 269917,
  "fisd_issuers": 11311,
  "curve_ready_bond_weeks": 328510,
  "curve_ready_cusips": 16017,
  "curve_ready_issuers": 2307,
  "issuer_weeks_total": 79272,
  "issuer_weeks_min_bonds": 25594,
  "min_bonds_per_issuer_week": 3,
  "fitted_curves": 25594,
  "residual_rows": 260342,
  "outputs": {
    "curve_ready_panel": "/cache/home/nt612/Transaction-Based Issuer Yield Curve Relative Value in U.S. Corporate Bonds/artifacts/processed/5.0_curve_ready_panel_full2004_2025_c3000_2008.parquet",
    "curve_residuals": "/cache/home/nt612/Transaction-Based Issuer Yield Curve Relative Value in U.S. Corporate Bonds/artifacts/processed/5.0_curve_residuals_full2004_2025_c3000_2008.parquet",
    "issuer_curve_params": "/cache/home/nt612/Transaction-Based Issuer Yield Curve Relative Value in U.S. Corporate Bonds/artifacts/processed/5.0_issuer_curve_params_full2004_2025_c3000_2008.parquet"
  },
  "residual_bps_distribution": {
    "count": 260342.0,
    "mean": 3.947037450126935,
    "std": 126.32396957567381,
    "min": -3487.336382632079,
    "1%": -346.6371858913946,
    "5%": -100.89335025735384,
    "50%": 0.0,
    "95%": 116.3125847970656,
    "99%": 415.37768361425543,
    "max": 3575.320788647131
  },
  "curve_rmse_bps_distribution": {
    "count": 25594.0,
    "mean": 28.619892853573596,
    "std": 68.69220284634477,
    "min": 0.0,
    "1%": 0.0,
    "5%": 7.251444394705603e-14,
    "50%": 9.29418556138712,
    "95%": 113.14721499204937,
    "99%": 348.5965864465616,
    "max": 1320.831597588287
  }
}