{
  "run_utc": "2026-05-28T03:44:44.780721+00:00",
  "tag": "full2004_2025_c3000_2025",
  "inputs": {
    "trace_panel": "/cache/home/nt612/Transaction-Based Issuer Yield Curve Relative Value in U.S. Corporate Bonds/artifacts/interim/4.1_trace_daily_agg_full2004_2025_c3000_2025.parquet",
    "fisd_panel": "artifacts/interim/4.0_fisd_eligible_bonds.parquet"
  },
  "trace_rows": 511398,
  "trace_cusips": 14639,
  "fisd_rows": 269918,
  "fisd_cusips": 269917,
  "fisd_issuers": 11311,
  "curve_ready_bond_weeks": 142241,
  "curve_ready_cusips": 14264,
  "curve_ready_issuers": 1685,
  "issuer_weeks_total": 21277,
  "issuer_weeks_min_bonds": 11529,
  "min_bonds_per_issuer_week": 3,
  "fitted_curves": 11529,
  "residual_rows": 129165,
  "outputs": {
    "curve_ready_panel": "/cache/home/nt612/Transaction-Based Issuer Yield Curve Relative Value in U.S. Corporate Bonds/artifacts/processed/5.0_curve_ready_panel_full2004_2025_c3000_2025.parquet",
    "curve_residuals": "/cache/home/nt612/Transaction-Based Issuer Yield Curve Relative Value in U.S. Corporate Bonds/artifacts/processed/5.0_curve_residuals_full2004_2025_c3000_2025.parquet",
    "issuer_curve_params": "/cache/home/nt612/Transaction-Based Issuer Yield Curve Relative Value in U.S. Corporate Bonds/artifacts/processed/5.0_issuer_curve_params_full2004_2025_c3000_2025.parquet"
  },
  "residual_bps_distribution": {
    "count": 129165.0,
    "mean": 0.48357619846203626,
    "std": 39.470003191117044,
    "min": -1090.47333380979,
    "1%": -68.22521900773174,
    "5%": -17.734951050541717,
    "50%": 0.0,
    "95%": 22.18559889047361,
    "99%": 62.284642657254786,
    "max": 3360.6670987914135
  },
  "curve_rmse_bps_distribution": {
    "count": 11529.0,
    "mean": 7.07904749960572,
    "std": 25.60446297682761,
    "min": 0.0,
    "1%": 0.0,
    "5%": 6.919609780969372e-14,
    "50%": 3.639890214238167,
    "95%": 20.511296571723808,
    "99%": 64.27723226717094,
    "max": 1030.3129336283237
  }
}