{
  "run_utc": "2026-05-28T02:42:36.670405+00:00",
  "tag": "full2004_2025_c3000_2010",
  "inputs": {
    "trace_panel": "/cache/home/nt612/Transaction-Based Issuer Yield Curve Relative Value in U.S. Corporate Bonds/artifacts/interim/4.1_trace_daily_agg_full2004_2025_c3000_2010.parquet",
    "fisd_panel": "artifacts/interim/4.0_fisd_eligible_bonds.parquet"
  },
  "trace_rows": 1094437,
  "trace_cusips": 14158,
  "fisd_rows": 269918,
  "fisd_cusips": 269917,
  "fisd_issuers": 11311,
  "curve_ready_bond_weeks": 368567,
  "curve_ready_cusips": 13901,
  "curve_ready_issuers": 2249,
  "issuer_weeks_total": 84996,
  "issuer_weeks_min_bonds": 30210,
  "min_bonds_per_issuer_week": 3,
  "fitted_curves": 30210,
  "residual_rows": 297871,
  "outputs": {
    "curve_ready_panel": "/cache/home/nt612/Transaction-Based Issuer Yield Curve Relative Value in U.S. Corporate Bonds/artifacts/processed/5.0_curve_ready_panel_full2004_2025_c3000_2010.parquet",
    "curve_residuals": "/cache/home/nt612/Transaction-Based Issuer Yield Curve Relative Value in U.S. Corporate Bonds/artifacts/processed/5.0_curve_residuals_full2004_2025_c3000_2010.parquet",
    "issuer_curve_params": "/cache/home/nt612/Transaction-Based Issuer Yield Curve Relative Value in U.S. Corporate Bonds/artifacts/processed/5.0_issuer_curve_params_full2004_2025_c3000_2010.parquet"
  },
  "residual_bps_distribution": {
    "count": 297871.0,
    "mean": 2.261524266091253,
    "std": 61.942384358491516,
    "min": -1613.4589294213142,
    "1%": -182.73821171876256,
    "5%": -65.80420112590252,
    "50%": 8.881784197001252e-14,
    "95%": 75.40762579224963,
    "99%": 170.53032434776196,
    "max": 4395.278385360304
  },
  "curve_rmse_bps_distribution": {
    "count": 30210.0,
    "mean": 15.500605760594016,
    "std": 29.10404341985612,
    "min": 0.0,
    "1%": 2.588317856702894e-14,
    "5%": 5.983521201519483e-14,
    "50%": 7.834741779426901,
    "95%": 61.68970262455572,
    "99%": 131.19789708682472,
    "max": 1004.0092645222298
  }
}