{
  "run_utc": "2026-05-28T02:43:56.693802+00:00",
  "tag": "full2004_2025_c3000_2011",
  "inputs": {
    "trace_panel": "/cache/home/nt612/Transaction-Based Issuer Yield Curve Relative Value in U.S. Corporate Bonds/artifacts/interim/4.1_trace_daily_agg_full2004_2025_c3000_2011.parquet",
    "fisd_panel": "artifacts/interim/4.0_fisd_eligible_bonds.parquet"
  },
  "trace_rows": 1066274,
  "trace_cusips": 13028,
  "fisd_rows": 269918,
  "fisd_cusips": 269917,
  "fisd_issuers": 11311,
  "curve_ready_bond_weeks": 357074,
  "curve_ready_cusips": 12727,
  "curve_ready_issuers": 2246,
  "issuer_weeks_total": 86818,
  "issuer_weeks_min_bonds": 30554,
  "min_bonds_per_issuer_week": 3,
  "fitted_curves": 30554,
  "residual_rows": 284029,
  "outputs": {
    "curve_ready_panel": "/cache/home/nt612/Transaction-Based Issuer Yield Curve Relative Value in U.S. Corporate Bonds/artifacts/processed/5.0_curve_ready_panel_full2004_2025_c3000_2011.parquet",
    "curve_residuals": "/cache/home/nt612/Transaction-Based Issuer Yield Curve Relative Value in U.S. Corporate Bonds/artifacts/processed/5.0_curve_residuals_full2004_2025_c3000_2011.parquet",
    "issuer_curve_params": "/cache/home/nt612/Transaction-Based Issuer Yield Curve Relative Value in U.S. Corporate Bonds/artifacts/processed/5.0_issuer_curve_params_full2004_2025_c3000_2011.parquet"
  },
  "residual_bps_distribution": {
    "count": 284029.0,
    "mean": 1.2333643197014674,
    "std": 60.17621285304776,
    "min": -1046.2951162835275,
    "1%": -186.72272953878544,
    "5%": -65.34937828101802,
    "50%": 4.440892098500626e-14,
    "95%": 70.6125367988222,
    "99%": 161.0764054540106,
    "max": 4152.975875422745
  },
  "curve_rmse_bps_distribution": {
    "count": 30554.0,
    "mean": 15.069212196642576,
    "std": 30.502085072573166,
    "min": 0.0,
    "1%": 2.6176076310848966e-14,
    "5%": 5.822472227901758e-14,
    "50%": 7.191344673080999,
    "95%": 59.87320860793698,
    "99%": 124.99742369358401,
    "max": 1250.0295622843896
  }
}