{
  "run_utc": "2026-05-28T03:38:14.926332+00:00",
  "tag": "full2004_2025_c3000_2021",
  "inputs": {
    "trace_panel": "/cache/home/nt612/Transaction-Based Issuer Yield Curve Relative Value in U.S. Corporate Bonds/artifacts/interim/4.1_trace_daily_agg_full2004_2025_c3000_2021.parquet",
    "fisd_panel": "artifacts/interim/4.0_fisd_eligible_bonds.parquet"
  },
  "trace_rows": 1617484,
  "trace_cusips": 14495,
  "fisd_rows": 269918,
  "fisd_cusips": 269917,
  "fisd_issuers": 11311,
  "curve_ready_bond_weeks": 463382,
  "curve_ready_cusips": 14203,
  "curve_ready_issuers": 1927,
  "issuer_weeks_total": 83135,
  "issuer_weeks_min_bonds": 42567,
  "min_bonds_per_issuer_week": 3,
  "fitted_curves": 42567,
  "residual_rows": 409936,
  "outputs": {
    "curve_ready_panel": "/cache/home/nt612/Transaction-Based Issuer Yield Curve Relative Value in U.S. Corporate Bonds/artifacts/processed/5.0_curve_ready_panel_full2004_2025_c3000_2021.parquet",
    "curve_residuals": "/cache/home/nt612/Transaction-Based Issuer Yield Curve Relative Value in U.S. Corporate Bonds/artifacts/processed/5.0_curve_residuals_full2004_2025_c3000_2021.parquet",
    "issuer_curve_params": "/cache/home/nt612/Transaction-Based Issuer Yield Curve Relative Value in U.S. Corporate Bonds/artifacts/processed/5.0_issuer_curve_params_full2004_2025_c3000_2021.parquet"
  },
  "residual_bps_distribution": {
    "count": 409936.0,
    "mean": 1.110480447073875,
    "std": 36.28656029552414,
    "min": -987.1388766010268,
    "1%": -69.87050281647417,
    "5%": -20.41760993808989,
    "50%": 0.0,
    "95%": 26.07443578163611,
    "99%": 77.5936264507462,
    "max": 4275.61060405164
  },
  "curve_rmse_bps_distribution": {
    "count": 42567.0,
    "mean": 8.944154214366833,
    "std": 23.551721892137458,
    "min": 0.0,
    "1%": 1.787177458871677e-14,
    "5%": 3.812841195454564e-14,
    "50%": 4.781379172550229,
    "95%": 27.89145092688944,
    "99%": 80.30057347421865,
    "max": 807.1042100302957
  }
}