{
  "run_utc": "2026-05-28T02:56:04.333997+00:00",
  "tag": "full2004_2025_c3000_2012",
  "inputs": {
    "trace_panel": "/cache/home/nt612/Transaction-Based Issuer Yield Curve Relative Value in U.S. Corporate Bonds/artifacts/interim/4.1_trace_daily_agg_full2004_2025_c3000_2012.parquet",
    "fisd_panel": "artifacts/interim/4.0_fisd_eligible_bonds.parquet"
  },
  "trace_rows": 1107513,
  "trace_cusips": 13214,
  "fisd_rows": 269918,
  "fisd_cusips": 269917,
  "fisd_issuers": 11311,
  "curve_ready_bond_weeks": 372990,
  "curve_ready_cusips": 12959,
  "curve_ready_issuers": 2285,
  "issuer_weeks_total": 91039,
  "issuer_weeks_min_bonds": 32866,
  "min_bonds_per_issuer_week": 3,
  "fitted_curves": 32866,
  "residual_rows": 297507,
  "outputs": {
    "curve_ready_panel": "/cache/home/nt612/Transaction-Based Issuer Yield Curve Relative Value in U.S. Corporate Bonds/artifacts/processed/5.0_curve_ready_panel_full2004_2025_c3000_2012.parquet",
    "curve_residuals": "/cache/home/nt612/Transaction-Based Issuer Yield Curve Relative Value in U.S. Corporate Bonds/artifacts/processed/5.0_curve_residuals_full2004_2025_c3000_2012.parquet",
    "issuer_curve_params": "/cache/home/nt612/Transaction-Based Issuer Yield Curve Relative Value in U.S. Corporate Bonds/artifacts/processed/5.0_issuer_curve_params_full2004_2025_c3000_2012.parquet"
  },
  "residual_bps_distribution": {
    "count": 297507.0,
    "mean": 1.8499538022074804,
    "std": 82.49398916884748,
    "min": -1437.25801526087,
    "1%": -201.3751437668936,
    "5%": -68.97439685942308,
    "50%": 0.0,
    "95%": 73.15558154751425,
    "99%": 193.22500680644907,
    "max": 4298.604780109221
  },
  "curve_rmse_bps_distribution": {
    "count": 32866.0,
    "mean": 16.839351599056783,
    "std": 33.99841910731094,
    "min": 0.0,
    "1%": 2.321079002737117e-14,
    "5%": 5.328810109897996e-14,
    "50%": 8.220769113313372,
    "95%": 64.25268009348315,
    "99%": 148.31346271681412,
    "max": 992.7582460862844
  }
}