{
  "run_utc": "2026-05-28T03:39:57.875490+00:00",
  "tag": "full2004_2025_c3000_2022",
  "inputs": {
    "trace_panel": "/cache/home/nt612/Transaction-Based Issuer Yield Curve Relative Value in U.S. Corporate Bonds/artifacts/interim/4.1_trace_daily_agg_full2004_2025_c3000_2022.parquet",
    "fisd_panel": "artifacts/interim/4.0_fisd_eligible_bonds.parquet"
  },
  "trace_rows": 1681719,
  "trace_cusips": 14490,
  "fisd_rows": 269918,
  "fisd_cusips": 269917,
  "fisd_issuers": 11311,
  "curve_ready_bond_weeks": 464573,
  "curve_ready_cusips": 14232,
  "curve_ready_issuers": 1847,
  "issuer_weeks_total": 81242,
  "issuer_weeks_min_bonds": 42408,
  "min_bonds_per_issuer_week": 3,
  "fitted_curves": 42408,
  "residual_rows": 413020,
  "outputs": {
    "curve_ready_panel": "/cache/home/nt612/Transaction-Based Issuer Yield Curve Relative Value in U.S. Corporate Bonds/artifacts/processed/5.0_curve_ready_panel_full2004_2025_c3000_2022.parquet",
    "curve_residuals": "/cache/home/nt612/Transaction-Based Issuer Yield Curve Relative Value in U.S. Corporate Bonds/artifacts/processed/5.0_curve_residuals_full2004_2025_c3000_2022.parquet",
    "issuer_curve_params": "/cache/home/nt612/Transaction-Based Issuer Yield Curve Relative Value in U.S. Corporate Bonds/artifacts/processed/5.0_issuer_curve_params_full2004_2025_c3000_2022.parquet"
  },
  "residual_bps_distribution": {
    "count": 413020.0,
    "mean": 0.8628299777168827,
    "std": 41.15444370940254,
    "min": -1150.0148967206308,
    "1%": -59.876503630458146,
    "5%": -24.163532329427614,
    "50%": 0.0,
    "95%": 27.031163754835287,
    "99%": 65.03488315328978,
    "max": 4142.27144374185
  },
  "curve_rmse_bps_distribution": {
    "count": 42408.0,
    "mean": 10.310035930350626,
    "std": 25.944961797073457,
    "min": 0.0,
    "1%": 2.2679187086828035e-14,
    "5%": 5.467342653966781e-14,
    "50%": 6.865676763148288,
    "95%": 26.290722554315774,
    "99%": 73.629021530126,
    "max": 889.1170054042567
  }
}