{
  "run_utc": "2026-05-28T03:01:53.724936+00:00",
  "tag": "full2004_2025_c3000_2015",
  "inputs": {
    "trace_panel": "/cache/home/nt612/Transaction-Based Issuer Yield Curve Relative Value in U.S. Corporate Bonds/artifacts/interim/4.1_trace_daily_agg_full2004_2025_c3000_2015.parquet",
    "fisd_panel": "artifacts/interim/4.0_fisd_eligible_bonds.parquet"
  },
  "trace_rows": 1267745,
  "trace_cusips": 13247,
  "fisd_rows": 269918,
  "fisd_cusips": 269917,
  "fisd_issuers": 11311,
  "curve_ready_bond_weeks": 403807,
  "curve_ready_cusips": 12967,
  "curve_ready_issuers": 2225,
  "issuer_weeks_total": 92191,
  "issuer_weeks_min_bonds": 39511,
  "min_bonds_per_issuer_week": 3,
  "fitted_curves": 39511,
  "residual_rows": 335619,
  "outputs": {
    "curve_ready_panel": "/cache/home/nt612/Transaction-Based Issuer Yield Curve Relative Value in U.S. Corporate Bonds/artifacts/processed/5.0_curve_ready_panel_full2004_2025_c3000_2015.parquet",
    "curve_residuals": "/cache/home/nt612/Transaction-Based Issuer Yield Curve Relative Value in U.S. Corporate Bonds/artifacts/processed/5.0_curve_residuals_full2004_2025_c3000_2015.parquet",
    "issuer_curve_params": "/cache/home/nt612/Transaction-Based Issuer Yield Curve Relative Value in U.S. Corporate Bonds/artifacts/processed/5.0_issuer_curve_params_full2004_2025_c3000_2015.parquet"
  },
  "residual_bps_distribution": {
    "count": 335619.0,
    "mean": 0.8235350889150707,
    "std": 50.72318976209252,
    "min": -1879.8704599817952,
    "1%": -108.4494368939492,
    "5%": -31.741039433507016,
    "50%": 0.0,
    "95%": 36.89111306191821,
    "99%": 94.79000911581483,
    "max": 4724.37066682638
  },
  "curve_rmse_bps_distribution": {
    "count": 39511.0,
    "mean": 12.549637096830986,
    "std": 33.458471096005326,
    "min": 0.0,
    "1%": 2.4646341279770432e-14,
    "5%": 5.267906578591991e-14,
    "50%": 6.003709722793101,
    "95%": 42.09942989424694,
    "99%": 127.74350269699093,
    "max": 1048.7117493563283
  }
}