{
  "run_utc": "2026-05-28T03:22:35.953596+00:00",
  "tag": "full2004_2025_c3000_2019",
  "inputs": {
    "trace_panel": "/cache/home/nt612/Transaction-Based Issuer Yield Curve Relative Value in U.S. Corporate Bonds/artifacts/interim/4.1_trace_daily_agg_full2004_2025_c3000_2019.parquet",
    "fisd_panel": "artifacts/interim/4.0_fisd_eligible_bonds.parquet"
  },
  "trace_rows": 1565434,
  "trace_cusips": 13933,
  "fisd_rows": 269918,
  "fisd_cusips": 269917,
  "fisd_issuers": 11311,
  "curve_ready_bond_weeks": 452441,
  "curve_ready_cusips": 13578,
  "curve_ready_issuers": 1997,
  "issuer_weeks_total": 86878,
  "issuer_weeks_min_bonds": 43381,
  "min_bonds_per_issuer_week": 3,
  "fitted_curves": 43381,
  "residual_rows": 394730,
  "outputs": {
    "curve_ready_panel": "/cache/home/nt612/Transaction-Based Issuer Yield Curve Relative Value in U.S. Corporate Bonds/artifacts/processed/5.0_curve_ready_panel_full2004_2025_c3000_2019.parquet",
    "curve_residuals": "/cache/home/nt612/Transaction-Based Issuer Yield Curve Relative Value in U.S. Corporate Bonds/artifacts/processed/5.0_curve_residuals_full2004_2025_c3000_2019.parquet",
    "issuer_curve_params": "/cache/home/nt612/Transaction-Based Issuer Yield Curve Relative Value in U.S. Corporate Bonds/artifacts/processed/5.0_issuer_curve_params_full2004_2025_c3000_2019.parquet"
  },
  "residual_bps_distribution": {
    "count": 394730.0,
    "mean": 0.808266675115603,
    "std": 37.41946484963079,
    "min": -1773.4779041360575,
    "1%": -62.84146231512606,
    "5%": -21.634881326665518,
    "50%": 0.0,
    "95%": 28.484896794560786,
    "99%": 71.11298149518795,
    "max": 3319.793178905335
  },
  "curve_rmse_bps_distribution": {
    "count": 43381.0,
    "mean": 10.530396527228675,
    "std": 36.6461736942187,
    "min": 0.0,
    "1%": 2.4893878118086373e-14,
    "5%": 5.36392820069247e-14,
    "50%": 5.015747300666942,
    "95%": 29.220907925617308,
    "99%": 89.73073024313703,
    "max": 1052.1830344902223
  }
}