{
  "input_rows": 636,
  "issuer_month_trades": 56,
  "min_bonds_per_issuer_month": 3,
  "monthly_rows": 12,
  "performance": {
    "ann_sharpe": 1.1242438407545494,
    "cumulative_return": 0.036626364372472686,
    "max_drawdown": -0.01310155014463732,
    "max_month": 0.02340673336044378,
    "mean_monthly": 0.003042203841261379,
    "min_month": -0.013101550144637413,
    "n_months": 12,
    "std_monthly": 0.009373858995766243,
    "t_stat_mean": 1.1242438407545494
  },
  "position_rows": 124,
  "quantile": 0.2,
  "run_utc": "2026-05-27T18:36:17.202516+00:00",
  "tag": "pilot2024",
  "usable_target_rows": 318
}